id,study,contribution,relevance,urls
R1,"Mouret & Clune, *Illuminating search spaces by mapping elites*, 2015",특징 공간의 각 구역에 좋은 해를 저장하는 MAP-Elites,외부 탐색 루프의 기본 비교군. 논문,https://arxiv.org/abs/1504.04909
R2,"Vassiliades et al., *Using Centroidal Voronoi Tessellations…*, 2016 preprint",특징 차원과 별개로 archive 구역 수를 지정하는 CVT-MAP-Elites,"특징 축이 늘 때 유용하나, 적은 평가로 모든 구역을 채운다는 보장은 아님. 논문",https://arxiv.org/abs/1610.05729
R3,"Gaier, Asteroth & Mouret, *Data-Efficient Design Exploration through Surrogate-Assisted Illumination*, 2018",대리모델을 활용한 설계 공간 탐색 SAIL,비싼 실제 평가를 줄이는 출발점. 예측 archive와 실제 검증 archive를 구별할 필요. 논문,https://arxiv.org/abs/1806.05865
R4,"Fontaine et al., *Illuminating Mario Scenes in the Latent Space of a Generative Adversarial Network*, AAAI 2021",GAN latent를 QD로 탐색하는 Latent Space Illumination,생성 latent에 QD를 붙이는 아이디어의 직접 선행연구. 학회 원문,https://ojs.aaai.org/index.php/AAAI/article/view/16740
R5,"Fontaine & Nikolaidis, *Differentiable Quality Diversity*, NeurIPS 2021",목적·특징 gradient를 이용하는 MEGA 계열; StyleGAN latent 실험 포함,생성 모델+gradient QD 자체는 이미 존재. 우리 FEM sensitivity와 최종 결과 gradient를 구분해야 함. 학회 원문,https://papers.nips.cc/paper_files/paper/2021/hash/532923f11ac97d3e7cb0130315b067dc-Abstract.html
R6,"Pierrot et al., *Multi-Objective Quality Diversity Optimization*, GECCO 2022",MOME: 각 특징 구역에 하나의 해 대신 지역 Pareto front 저장,강성·질량 등의 trade-off를 동시에 보존할 후속 방법. 논문,https://arxiv.org/abs/2202.03057
R7,"Fontaine & Nikolaidis, *Covariance Matrix Adaptation MAP-Annealing*, 2022 preprint",CMA-MAE: 품질 개선과 특징 탐색 간 적응 방식 개선,연속형 저차원 탐색 벡터를 만들었을 때의 강한 비교군. 범주형 prompt ID를 연속 수처럼 처리하지 말 것. 논문,https://arxiv.org/abs/2205.10752
R8,"Kent et al., *BOP-Elites…*, 2023 preprint / 2024 TEVC",목적과 특징을 GP로 모델링하고 acquisition으로 평가점 선택,"특징도 생성 후에야 알 수 있는 비싼 black-box 탐색과 잘 맞음. 논문, 저자 구현",https://arxiv.org/abs/2307.09326 ; https://github.com/kentwar/BOPElites
R9,"Brevault & Balesdent, *Bayesian Quality-Diversity approaches for constrained optimization problems with mixed continuous, discrete and categorical variables*, 2024",제약과 연속·이산·범주형 변수를 포함하는 Bayesian QD,prompt category + 연속 guidance + 정수 선택의 혼합 탐색에 가장 직접적. 보고된 비용 절감은 해당 실험의 결과이며 우리 문제의 보장치가 아님. 출판사,https://www.sciencedirect.com/science/article/pii/S0952197624002768
R10,"Xie, Pinskier, Wang & Howard, *Evolutionary Seeding of Diverse Structural Design Solutions via Topology Optimization*, ACM TELO 2024","QDID: 다양한 초기 설계 탐색과 SIMP를 결합, 구조 문제 실험","QD+구조 최적화의 직접 비교 대상. DOI, 저자 소속기관 서지·초록",https://doi.org/10.1145/3670693 ; https://researchprofiles.canberra.edu.au/en/publications/evolutionary-seeding-of-diverse-structural-design-solutions-via-t/
R11,"Xie et al., *A 'MAP' to find high-performing soft robot designs…*, 2024 preprint",OIDD: 설계 영역의 void 크기·위치를 진화시키고 내부 topology optimization 실행,외부 QD + 내부 물리 최적화 구조가 매우 가까움. 이미지 prior와 기존 CAD·BC 보존의 차이를 실험해야 함. 원문,https://arxiv.org/html/2407.07591v1
R12,"Flageat & Cully, *Uncertain Quality-Diversity…*, 2023 preprint","목적·특징이 확률적으로 달라지는 문제, archive 재평가와 평가 예산",반복 실행에서 관측된 변동을 고려한 elite 검증 설계. 논문,https://arxiv.org/abs/2302.00463
R13,"Ding et al., *Quality Diversity through Human Feedback…*, ICML 2024",사람의 유사성 판단으로 다양성 척도를 학습; diffusion 이미지 생성 실험,'카고메·리브·유기적 형태가 얼마나 다른가'를 다룰 후속 방향. 강성 평가는 FEA로 유지. 학회 원문,https://proceedings.mlr.press/v235/ding24h.html
R14,"*Generative Design through Quality-Diversity Data Synthesis and Language Models*, 2024",QD로 생성한 설계 데이터를 언어모델 기반 생성에 활용,장기적으로 archive를 데이터셋으로 재사용하는 방향. GPT 이미지 편집→3D→FEA를 직접 검증한 연구로 해석하면 안 됨. 저자기관 PDF,https://www.research.autodesk.com/app/uploads/2024/05/TileGPT_GECCO.pdf
R15,"Hedayatian & Nikolaidis, *Soft Quality-Diversity Optimization*, ICLR 2026",이산 구역을 쓰지 않는 Soft QD와 미분가능 알고리즘 SQUAD,고차원 특징 공간으로 확장할 때 조사할 최신 방법. 현재 2D 파일럿의 필수 구성은 아님. 학회 원문,https://proceedings.iclr.cc/paper_files/paper/2026/hash/79eb0ed60c0660fc2fbe4a2bf75cf4cc-Abstract-Conference.html
R16,"Tjanaka et al., *Discount Model Search for Quality Diversity Optimization in High-Dimensional Measure Spaces*, ICLR 2026",DMS: 연속 discount 모델로 탐색; 이미지 데이터로 목표 특징을 지정하는 QDDM,"스타일 참조 이미지 집합으로 다양성을 정의하려는 장기 방향과 관련. 최종 3D 렌더에 적용하는 것은 우리의 확장 제안. 논문, 저자 프로젝트",https://arxiv.org/abs/2601.01082 ; https://discount-models.github.io/
